Type,Title/Headline (if applicable),Body / Key Message (if applicable),Image or Video,External Link (if applicable)
Video: text embedded,How Your Bracelet Changes Lives!,,https://youtube.com/shorts/y4uJEqQS_js?si=t3QNKgrP5uXQEbGM,
Text over image,Women We Love: Dr. Jane Goodall,You have to decide what kind of difference you want to make.,https://drive.google.com/file/d/1ZAUfxaZqb61vblJ5vTdtOOgb9SC4avcu/view?usp=sharing\,
Video: with text embedded: a moment with our artisans,,,https://youtube.com/shorts/A4Regri5f_I,
Text over video,Women We Love: Anna Quindlen ,"I woke up one morning and thought, ""I am enough.""",https://youtube.com/shorts/Tt4f_eTdIF4,
Text over image,Women We Love: Maya Angelou,I am grateful to be a woman. I must have done something great in another life.,https://drive.google.com/file/d/1VHMGYSDY6JHh-5N2epWMtN3tEg2GnDN8/view?usp=sharing,
Text over video,Women We Love: Mindy Kaling,"If you don’t see a clear path for what you want, sometimes you have to make it yourself.",https://youtube.com/shorts/H2khsSYD-kM,
Text over video,Women We Love: Ruth Bader Ginsburg,"As women achieve power, the barriers will fall. ",https://youtube.com/shorts/xGHTlh8nbjI?feature=share,
Text over image,Women We Love: Michelle Obama,"There is no limit to what we, as women, can accomplish.",https://drive.google.com/file/d/1dAqgjY6TI6uuoqf1APDeaefVgLmoAlEw/view?usp=sharing,
Text over image,Women We Love: Malala Yousafzai,"I think realizing that you’re not alone, that you are standing with millions of your sisters around the world is vital.",https://drive.google.com/file/d/1gI9lz8wWEJ73nxHqeSjb9Pi8hZ6xuLl_/view?usp=sharing,
Text over video,Women We Love: Coco Chanel,A girl should be two things: Who and what she wants.,https://drive.google.com/file/d/19gZ7WiYNlxiCBb8239hmDdApXrri0ecV/view?usp=sharing,
Text over video,Women We Love: Dolly Parton,"As long as you live, there’s something new every day.",https://drive.google.com/file/d/1UMRUFvKQP8KhNEJgzlPW386dvycrKKGH/view?usp=sharing,
Text over video,Women We Love: Serena Williams,Every woman’s success should be an inspiration to another. We’re strongest when we cheer each other on.,https://drive.google.com/file/d/1XQXh1np04Bp3XDQRDK-m5L31KBdQSGmh/view?usp=sharing,
Image + Link to an external video,Best Foot Beacon: Mark Bustos,Click to Meet a Beacon of Hope,https://drive.google.com/file/d/11ZPeAJ2_xoE5nzknt3gxFSELMdcQADrH/view?usp=sharing,https://youtu.be/64oq7grVNVs?si=dlwVBuvxkMTNkJGo
Text over video,Women We Love: Reese Witherspoon,...Step up. Don’t wait for somebody to ask you.,https://youtube.com/shorts/PpNAqMOuUXM,
Text over image,Women We Love: Viola Davis,Womanhood is you.,https://drive.google.com/file/d/1xdHqxINxBctyS1FWub1YKhBqqsXgtz0W/view?usp=sharing,
Text over image,Women We Love: Stephanie Bennett-Henry,"Life is tough, my darling, but so are you.",https://drive.google.com/file/d/12DXxAd_XcqFVav0vLwLXA3BXIwWEWFD6/view?usp=sharing,
Text over video,Women We Love: Emma Watson,Girls should never be afraid to be smart.,https://youtube.com/shorts/Mx8osoNI8_Q,
Text over image,Women We Love: Margaret Fuller,"If you have knowledge, let others light their candles in it.",https://drive.google.com/file/d/1rVcC3fQgJ9dkUiYsDs6OpBCS5ENS8RK4/view?usp=sharing,
Text over image,Women We Love: Helen Keller,Alone we can do so little; together we can do so much.,https://drive.google.com/file/d/1XmRxg4BmyPC01ER1Rzn50Gd6C2ttsyUB/view?usp=sharing,
Text over video,Women We Love: Diane Mariechild,"Within her is the power to create, nurture and transform.",https://youtube.com/shorts/d_q8p3w3vg0,
Text over image,Women We Love: Judy Garland,"Be a first-rate version of yourself, not a second-rate version of someone else.",https://drive.google.com/file/d/1ZLep_9H-lPQJLOaVfi65ak-iYesSEPWG/view?usp=sharing,
Text over image,Women We Love: Melinda Gates,A woman with a voice is by definition a strong woman.,https://drive.google.com/file/d/1G0vW_fTG6hpkisFCjbKPaK7oHSOHW9z2/view?usp=sharing,
Text over video,Women We Love: Calamity Jane,"If a girl wants to be a legend, she should go ahead and be one.",https://drive.google.com/file/d/1VOpxFTQO50W2pXlyQ5sxg7YcW8_QrQI_/view?usp=sharing,
Text over video,Women We Love: Shirley Chisholm,"If they don’t give you a seat at the table, bring a folding chair.",https://youtube.com/shorts/7e5CuOlUfS0,
Text over image,Women We Love: Audrey Hepburn,I believe in being strong when everything seems to be going wrong.,https://drive.google.com/file/d/1uCPfsJk037DIe3DqiSGNavnjcQLy4r2c/view?usp=sharing,
Text over image,Women We Love: Sheila Murray Bethel,"Know who you are, what you believe in and where you want to go.",https://drive.google.com/file/d/1nwWHNIQTccL26K_Vj0Vy8HrYMxeszKpa/view?usp=sharing,
Text over image,Women We Love: Rosalynn Carter,"You have to have confidence in your ability, and then be tough enough to follow through.",https://drive.google.com/file/d/1Vj-CukjrjEcDOU1Pyh4f1qoew7xaKihu/view?usp=sharing,
Text over image,Women We Love: Pink,"Once you figure out what respect tastes like, it tastes better than attention.",https://drive.google.com/file/d/1cIHYUDOXWYcEYqsJmIa5cMGOAurt4No-/view?usp=sharing,
Text over video,Women We Love: Carly Simon,A really strong woman accepts the war she went through and is ennobled by her scars.,https://youtube.com/shorts/3b0XigIdd0k,
Text over image,Women We Love: Margaret Mead,"Never doubt that a small group of thoughtful, committed citizens can change the world. Indeed, it is the only thing that ever has.",https://drive.google.com/file/d/1UOB4i-3ey7MWPh7R-FYE6QHVGB6iXdcm/view?usp=sharing,
Text over image,Women We Love: Nora Ephron,"Above all, be the heroine of your life, not the victim.",https://drive.google.com/file/d/1nG1ImTDEkYepgFsF7qC79LrY6L-zTAPF/view?usp=sharing,
Text over image,Women We Love: Simone Biles,"It’s OK to say, ""Yes, I am good at this!"" ",https://drive.google.com/file/d/10ovByA0agHvC8Ot4rSkoNDB4JMCX85Sk/view?usp=sharing,
Text over image,Women We Love: Amy Tenney,The world needs strong women.,https://drive.google.com/file/d/13v8dpK5GMggOdmXxt1yNugwXWeuCOJZ3/view?usp=sharing,
Text over image,Women We Love: Malala Yousafzai,We cannot all succeed when half of us are held back.,https://drive.google.com/file/d/15d3nle9tLEk6DgK2eP_KrZz77cRkBRTP/view?usp=sharing,
Text over image,Women We Love: Louisa May Alcott,The humblest tasks get beautified if loving hands do them.,https://drive.google.com/file/d/1zcMyISuqYGi7Vu6IvoOuyhhQSd4bWfK6/view?usp=sharing,
Text over image,Women We Love: Rosa Parks,"I have learned over the years that when one’s mind is made up, this diminishes fear; knowing what must be done does away with fear.",https://drive.google.com/file/d/1HVBI1mpo9Yfcn4R08xExkR4qpNSoRpjf/view?usp=sharing,
Text over image,Women We Love: Maya Angelou,"Each time a woman stands up for herself, she stands up for all women.",https://drive.google.com/file/d/1Oboo8Dj5r7yKvQkV-aC1uXt49rYmMLEG/view?usp=sharing,
Text over image,Women We Love: Audrey Hepburn,"Nothing is impossible. The word itself says, ‘I’m possible!",https://drive.google.com/file/d/1SU-5NNRtOvtZAXRHz74rTjhQuPrDNxpB/view?usp=sharing,
Text over image,Women We Love: Serena Williams,A champion is defined not by wins but by how they recover when they fall.,https://drive.google.com/file/d/1flqjYNffHeSzV2Q6r4Z9K0PcKwIFjBqd/view?usp=sharing,
Text over image,Women We Love: Malala Yousafzai,"When the whole world is silent, even one voice becomes powerful.",https://drive.google.com/file/d/1l_4R-Ve2iVORuK8SsFLdPSCGppn9Ixd8/view?usp=sharing,
Text over video,Women We Love: Oprah Winfrey,Turn your wounds into wisdom.,https://youtube.com/shorts/ltxS5mHNBVo,
Text over image,Best Foot Beacon: Arthur Ashe,Start where you are. Use what you have. Do what you can.,https://drive.google.com/file/d/1ZDDISUs62kd3yzsOHmzDpE8jTJqpAF5o/view?usp=sharing,
Text over image,Best Foot Beacon: Vincent van Gogh,Great things are done by a series of small things brought together.,https://drive.google.com/file/d/1IoyG_9Zjjs2oCcFeOEBRbY7PavZqVahR/view?usp=sharing,
Text over image,Women We Love: Susan B. Anthony,"...Women, their rights, and nothing less.",https://drive.google.com/file/d/1hAGXejkdQKY5uLMmHnMpp74bKnT_BrC0/view?usp=sharing,
Text over image,Women We Love: Marie Curie,"We must have perseverance and, above all, confidence in ourselves. ",https://drive.google.com/file/d/1w-nP6Hpp5_5MbmwLADyumiDykUU00c3D/view?usp=sharing,
Text over image,Women We Love: Amelia Earhart,"The most effective way to do it, is to do it.
",https://drive.google.com/file/d/1msO4SzEmZiPf2DL-wvL9-1LiZeMHjuEc/view?usp=sharing,
"Video: with text embedded: Nevertheless, she persisted.",,,https://drive.google.com/file/d/1dKT4LfaO1oce4CDDYZ00QeWmI9kuFoYF/view?usp=sharing,
Text over video,Best Foot Beacon: Thomas Edison,"I have not failed. I've just found 10,000 ways that won't work.",https://youtube.com/shorts/RbXTx0ePd0Y,
Text over video,Women We Love: Maggie Kuhn,Stand before the people you fear and speak your mind – even if your voice shakes.,https://youtube.com/shorts/z2XLPAPUa0k,
Text Over Image + Link to an external URL,Life|Charmed: Quick Read,One invite can change a life,https://drive.google.com/file/d/1C0l7jtn3V21uC0uhefG6Llh_y0F3Ar72/view?usp=sharing,https://www.footforwardfund.org/charmed-life-updates.html#an-invitation-that-lit-a-path
Text over video + Link to an external URL,Life|Charmed: Quick Read,An Unexpected Hero in London,https://youtube.com/shorts/JjjRJzZzEcU,https://www.footforwardfund.org/charmed-life-updates.html#a-mother-a-subway-a-stranger
Text Over Image + Link to an external URL,Life|Charmed: Quick Read,Kindness Uplifts Mother & Child,https://drive.google.com/file/d/1LN6_yi5wBBoeHKVSnYZY2LJh_HEKN3Kw/view?usp=sharing,https://www.footforwardfund.org/charmed-life-updates.html#words-that-lifted-a-mom
Text Over Image + Link to an external URL,Life|Charmed: Quick Read,A Breakdown Repaired by Kindness,https://drive.google.com/file/d/1HSnc3qBCc2Vn2H1vLZ9DgPTmvLivYmT-/view?usp=sharing,https://footforwardfund.org/charmed-life-updates.html#story01
Text Over Image + Link to an external URL,Life|Charmed: Quick Read,The Girl Who Painted Tomorrow,https://drive.google.com/file/d/1ujMGS5gDt4M5t0Xsx5qnHLrFW-dCCDVd/view?usp=sharing,https://footforwardfund.org/charmed-life-updates.html#story02
Text Over Image + Link to an external URL,Life|Charmed: Quick Read,Women Who Planted the Sea,https://drive.google.com/file/d/1vKNm0dPy3QKWMQPGg317kyAkNAGeZSID/view?usp=sharing,https://footforwardfund.org/charmed-life-updates.html#story03
Text Over Image + Link to an external URL,Life|Charmed: Quick Read,The Teacher Who Never Quit,https://drive.google.com/file/d/1C4waJnpyWI0aJJttK_-33rSDUAdt0kIB/view?usp=sharing,https://footforwardfund.org/charmed-life-updates.html#story04
Text Over Image + Link to an external URL,Life|Charmed: Quick Read,Letters That Found Their Way Home,https://drive.google.com/file/d/1G0GvKSXxbZCjN9eD6R6L97LU1LMlRJwR/view?usp=sharing,https://footforwardfund.org/charmed-life-updates.html#story05
Text Over Image + Link to an external URL,Life|Charmed: Quick Read,Seeds of Shade and Hope,https://drive.google.com/file/d/1ser_C74DvbwHKtmTznWNqPe-BEVcGEsA/view?usp=sharing,https://footforwardfund.org/charmed-life-updates.html#story06
Text Over Image + Link to an external URL,Life|Charmed: Quick Read,Threads Stronger Than Iron,https://drive.google.com/file/d/1TV_Ld6dA3GDQ8eJJ6X_RLMpdgTU_1Vql/view?usp=sharing,https://footforwardfund.org/charmed-life-updates.html#story07
Text over video + Link to an external video,Life|Charmed: Quick Read,Stars That Blinked Back,https://youtube.com/shorts/nzgZI3ZxcEI,https://footforwardfund.org/charmed-life-updates.html#story08
Text Over Image + Link to an external URL,Life|Charmed: Quick Read,When Kindness Is Deliberate — and Delicious,https://drive.google.com/file/d/10v1FgcK0ycxM7Mo_U5OJcqQW2NK93V0c/view?usp=sharing,https://footforwardfund.org/charmed-life-updates.html#story09
Text over video + Link to an external URL,Life|Charmed: Quick Read,The Beekeeper’s Quiet Revolution,https://youtube.com/shorts/pS8uORn7ZMM?feature=share,https://footforwardfund.org/charmed-life-updates.html#story10
Text Over Image + Link to an external URL,Life|Charmed: Quick Read,Girls Grow Reading…By Hand,https://drive.google.com/file/d/1CTattHhKAJSrKg9MUc1rk1jjIfMlTWOu/view?usp=sharing,https://footforwardfund.org/charmed-life-updates.html#story11
Text Over Image + Link to an external URL,Life|Charmed: Quick Read,The Garden That Fed Hope,https://drive.google.com/file/d/1QZnteeuQ4iBepWefOKAexXRCQ4SGZduu/view?usp=sharing,https://footforwardfund.org/charmed-life-updates.html#story12
Text Over Image + Link to an external URL,Life|Charmed: Quick Read,The Girl Who Raised Her Hand,https://drive.google.com/file/d/1UHKuxmIndeZnd7panLXFiQc3jLX1kRI_/view?usp=sharing,https://footforwardfund.org/charmed-life-updates.html#story13
Text Over Image + Link to an external URL,Life|Charmed: Quick Read,The Runner With No Finish Line,https://drive.google.com/file/d/1Ol2KmCMbMVgQyffSwmEuk19u2j-nct3_/view?usp=sharing,https://footforwardfund.org/charmed-life-updates.html#story14
Text Over Image + Link to an external URL,Life|Charmed: Quick Read,Rain Dancers of Dar es Salaam,https://drive.google.com/file/d/14NvfcDBk0D-Qm2xaq52h6CS0FnTBbA1z/view?usp=sharing,https://footforwardfund.org/charmed-life-updates.html#story15
Text Over Image + Link to an external URL,Life|Charmed: Quick Read,The Bridge That Mothers Built,https://drive.google.com/file/d/1_5pq6mNiEDz4VJVt4hB9DqdO0XoppxzK/view?usp=sharing,https://footforwardfund.org/charmed-life-updates.html#story16
Text Over Image + Link to an external URL,Life|Charmed: Quick Read,Paper Hearts and Everyday Heroes,https://drive.google.com/file/d/1GnJL9M9OM6YS-x1DB1pIxVgSv2Y0hci0/view?usp=sharing,https://footforwardfund.org/charmed-life-updates.html#story17
Text Over Image + Link to an external URL,Life|Charmed: Quick Read,The Scientist Who Listened to Bees,https://drive.google.com/file/d/1M8CIUwTsdiRIGxJMTqhYRF4yPm0fvNTw/view?usp=sharing,https://footforwardfund.org/charmed-life-updates.html#story18
Text Over Image + Link to an external URL,Life|Charmed: Quick Read,Tea Notes Through the Window,https://drive.google.com/file/d/1OpMbZlHneBi_DM9D9HW4UogghguK9xNC/view?usp=sharing,https://footforwardfund.org/charmed-life-updates.html#story19
Text Over Image + Link to an external URL,Life|Charmed: Quick Read,The Girl Who Grew a Forest,https://drive.google.com/file/d/13k_5HLoh8Pf2mZZqjptazKHoilJ1Gle_/view?usp=sharing,https://footforwardfund.org/charmed-life-updates.html#story20
Text over video + Link to an external URL,Life|Charmed: Quick Read,The Girl Who Learned to Fly Again,https://youtube.com/shorts/umseG3U2YkE,https://footforwardfund.org/charmed-life-updates.html#story21
Text over video + Link to an external URL,Life|Charmed: Quick Read,A Dress Woven From Dreams,https://youtube.com/shorts/il3gngUgsGk,https://footforwardfund.org/charmed-life-updates.html#story22
Text Over Image + Link to an external URL,Life|Charmed: Quick Read,Hands That Built a Playground,https://drive.google.com/file/d/1gB_6tfMa2f3-R1fR_Hum3QEnSGOMZxC1/view?usp=sharing,https://footforwardfund.org/charmed-life-updates.html#story23
Text Over Image + Link to an external URL,Life|Charmed: Quick Read,Voices That Rebuilt the School,https://drive.google.com/file/d/1QKxqTUJEjC4CO_H0cppVKTK0N_j6R3CT/view?usp=sharing,https://footforwardfund.org/charmed-life-updates.html#story25
Text Over Image + Link to an external URL,Life|Charmed: Quick Read,The Woman Who Lit the Night,https://drive.google.com/file/d/1QQgeikKblXzdkaprYagDIgNW5oOvKlGr/view?usp=sharing,https://footforwardfund.org/charmed-life-updates.html#story26
Text Over Image + Link to an external URL,Life|Charmed: Quick Read,Water Carriers of Hope,https://drive.google.com/file/d/1DqMZ4UBWUIFNWXEZ_TZ5YCQQMhrCcBeW/view?usp=sharing,https://footforwardfund.org/charmed-life-updates.html#story28
Text Over Image + Link to an external URL,Life|Charmed: Quick Read,The Librarian Who Walked Miles,https://drive.google.com/file/d/1Km5VGg3pwa8bW4nUKu6bcQbXIJUsXrR-/view?usp=sharing,https://footforwardfund.org/charmed-life-updates.html#story29
Text Over Image + Link to an external URL,Life|Charmed: Quick Read,The Bench That Started a Movement,https://drive.google.com/file/d/188jmjUNm5Tse8OJWQ079u2aXhSJY26zH/view?usp=sharing,https://footforwardfund.org/charmed-life-updates.html#story30
Text Over Image + Link to an external URL,Life|Charmed: Quick Read,The Bread Baker of Kigali,https://drive.google.com/file/d/15hcv7WLUEpPuiJu74mRwIBa9XyQOy-t6/view?usp=sharing,https://footforwardfund.org/charmed-life-updates.html#story31
Text Over Image + Link to an external URL,Life|Charmed: Quick Read,Strings Across the Square,https://drive.google.com/file/d/1qUFYXVJiYp8rtpf589S-d9HvwcmcRJyy/view?usp=sharing,https://footforwardfund.org/charmed-life-updates.html#story32
Text Over Image + Link to an external URL,Life|Charmed: Quick Read,The Farmer Who Wrote Poems,https://drive.google.com/file/d/17D8fpuuN-1gbd-n_z13rN3Hq5SUK0tKl/view?usp=sharing,https://footforwardfund.org/charmed-life-updates.html#story33
Text Over Image + Link to an external URL,Life|Charmed: Quick Read,Joy Delivered by Bicycle,https://drive.google.com/file/d/1S-oC7IssYOooB_QwA8QYvKo-nT2rBxd4/view?usp=sharing,https://footforwardfund.org/charmed-life-updates.html#story34
Text Over Image + Link to an external URL,Life|Charmed: Quick Read,Garden of Second Chances,https://drive.google.com/file/d/1u8N-qRr9-LO0Hx93Ms-RYt8_CtnYuRcp/view?usp=sharing,https://footforwardfund.org/charmed-life-updates.html#story35
Text Over Image + Link to an external URL,Life|Charmed: Quick Read,The Bridge of Books,https://drive.google.com/file/d/1YRaBpwygC0tc2eR8Dz7zta5vWaEiwxtQ/view?usp=sharing,https://footforwardfund.org/charmed-life-updates.html#story36
Text Over Image + Link to an external URL,Life|Charmed: Quick Read,The Tailor’s Quiet Revolution,https://drive.google.com/file/d/1JMeu4GsuZ35yiJWuSJSkBixEf9Kla8OQ/view?usp=sharing,https://footforwardfund.org/charmed-life-updates.html#story37
Text over video + Link to an external URL,Life|Charmed: Quick Read,Music Beneath the Mango Tree,https://youtube.com/shorts/4tK1QTNiAz0,https://footforwardfund.org/charmed-life-updates.html#story38
Text Over Image + Link to an external URL,Life|Charmed: Quick Read,She Saved a River,https://drive.google.com/file/d/1FkNlVitEtz7kto1SvNPlxl_D7efyvQsv/view?usp=sharing,https://footforwardfund.org/charmed-life-updates.html#story39
Text Over Image + Link to an external URL,Life|Charmed: Quick Read,Letters to Tomorrow,https://drive.google.com/file/d/1CwJX_Uso_4jKXbktkJ5jsFuVyxcdqseS/view?usp=sharing,https://footforwardfund.org/charmed-life-updates.html#story40
Text Over Image + Link to an external URL,Life|Charmed: Quick Read,The Photographer Who Shared Her Lens,https://drive.google.com/file/d/1QPtyAUcK71Evu-06ZKZEvsuEfmIwMAIQ/view?usp=sharing,https://footforwardfund.org/charmed-life-updates.html#story41
Text Over Image + Link to an external URL,Life|Charmed: Quick Read,The Nurse Who Brought Music to the Ward,https://drive.google.com/file/d/1tGvmqsJeuT0N-EMoJvZf4nEySKIZmKBB/view?usp=sharing,https://footforwardfund.org/charmed-life-updates.html#story42
Text Over Image + Link to an external URL,Life|Charmed: Quick Read,The Fisherwomen Who Turned the Tide,https://drive.google.com/file/d/1e900uwpP31jHU9Gzbk4vUxGUKHFvKlJ3/view?usp=sharing,https://footforwardfund.org/charmed-life-updates.html#story43
Text Over Image + Link to an external URL,Life|Charmed: Quick Read,Chalk Lines of Peace,https://drive.google.com/file/d/1IJv7tpNG3HHvzI0O9pzZQSo0BLfBaQOL/view?usp=sharing,https://footforwardfund.org/charmed-life-updates.html#story44
Text Over Image + Link to an external URL,Life|Charmed: Quick Read,The Marathon of Many Mothers,https://drive.google.com/file/d/1w-oO2D7QDcOokjL1-Zsh4hm0VVVQ25bC/view?usp=sharing,https://footforwardfund.org/charmed-life-updates.html#story45
Text Over Image + Link to an external URL,Life|Charmed: Quick Read,The Tailor of Second Chances,https://drive.google.com/file/d/1dsBE5RsyXGK5MPKpCn1Fk4gHv2ze2saF/view?usp=sharing,https://footforwardfund.org/charmed-life-updates.html#story46
Text Over Image + Link to an external URL,Life|Charmed: Quick Read,The Cart That Carried Joy,https://drive.google.com/file/d/18zrIScCNqmTruVEEEo3ubRDzg1ChpRNC/view?usp=sharing,https://footforwardfund.org/charmed-life-updates.html#story47
Text Over Image + Link to an external URL,Life|Charmed: Quick Read,The Bridge School of Light,https://drive.google.com/file/d/1h46VlbgbwDZhLFZKGgihZSNi-GJo4pY9/view?usp=sharing,https://footforwardfund.org/charmed-life-updates.html#story48
Text Over Image + Link to an external URL,Life|Charmed: Quick Read,Threads of Reunion,https://drive.google.com/file/d/1Y2YX04BkOqCgcQw6O5KOuXNKCYfLtdYs/view?usp=sharing,https://footforwardfund.org/charmed-life-updates.html#story49
Text Over Image + Link to an external URL,Life|Charmed: Quick Read,The Choir Beneath the Bridge,https://drive.google.com/file/d/1UIb_qAEIdYZ1oJ-RpuAlUWSbfVO9a49q/view?usp=sharing,https://footforwardfund.org/charmed-life-updates.html#story50
Text Over Image + Link to an external URL,Life|Charmed: Quick Read,The Girl Who Repaired the Radio,https://drive.google.com/file/d/1AzlnsZd4n21z2Q9aYd_xjWmVhGf4jQnC/view?usp=sharing,https://footforwardfund.org/charmed-life-updates.html#story51
Text Over Image + Link to an external URL,Life|Charmed: Quick Read,Lighthouse Keeper’s Daughter,https://drive.google.com/file/d/1i_Axd5CEc0hWhyDdtPyheu7MxxwSxZ_d/view?usp=sharing,https://footforwardfund.org/charmed-life-updates.html#story52
Text Over Image + Link to an external URL,Life|Charmed: Quick Read,Garden Beside the Tracks,https://drive.google.com/file/d/1iXAzUqBYywPay7HsXdtRpdGl_G3o9pT3/view?usp=sharing,https://footforwardfund.org/charmed-life-updates.html#story53
Text Over Image + Link to an external URL,Life|Charmed: Quick Read,Runner Who Carried Water,https://drive.google.com/file/d/109abJ875qBVh5JYRz8KIyDZ7J4I5o3_j/view?usp=sharing,https://footforwardfund.org/charmed-life-updates.html#story54
Text Over Image + Link to an external URL,Life|Charmed: Quick Read,Lanterns Over Lake Victoria,https://drive.google.com/file/d/1PCkmNCtf4UcZ7_84qROLsoTP0TZf4VWm/view?usp=sharing,https://footforwardfund.org/charmed-life-updates.html#story55
Text Over Image + Link to an external URL,Life|Charmed: Quick Read,Chalkboard Beneath the Tree,https://drive.google.com/file/d/1NHKcpfuu-jyS-3KuuTHDsLkwqwgZxE28/view?usp=sharing,https://footforwardfund.org/charmed-life-updates.html#story56
Text Over Image + Link to an external URL,Life|Charmed: Quick Read,She Road for Change,https://drive.google.com/file/d/18w6Au4LMPgzeqKCq8qjvamfzk8QqPBiC/view?usp=sharing,https://footforwardfund.org/charmed-life-updates.html#story57
Text Over Image + Link to an external URL,Life|Charmed: Quick Read,Seeds She Left Behind,https://drive.google.com/file/d/1B490e_lr1PNaEVlY1DnAf_eJqrzbfpG-/view?usp=sharing,https://footforwardfund.org/charmed-life-updates.html#story58
Text Over Image + Link to an external URL,Life|Charmed: Quick Read,She Painted Crosswalks,https://drive.google.com/file/d/1yh0VMCLq6yaOa__VDaY24Z9cUIBV1ABr/view?usp=sharing,https://footforwardfund.org/charmed-life-updates.html#story59
Text Over Image + Link to an external URL,Life|Charmed: Quick Read,Stitching the Sky,https://drive.google.com/file/d/1D8_oRrKI8uC9qF_jco0QPHiGCfEpUZRN/view?usp=sharing,https://footforwardfund.org/charmed-life-updates.html#story60
Text Over Image + Link to an external URL,Life|Charmed: Quick Read,Dancer Who Couldn’t Hear the Music,https://drive.google.com/file/d/1Q9OODZU-jCiZayyZXRQYoC5-nc9j0r0v/view?usp=sharing,https://footforwardfund.org/charmed-life-updates.html#story61
Text Over Image + Link to an external URL,Life|Charmed: Quick Read,Market of Good Deeds,https://drive.google.com/file/d/158C-d0rGNLWyFJO7ncsNn_2TemwRYtoN/view?usp=sharing,https://footforwardfund.org/charmed-life-updates.html#story62
Text Over Image + Link to an external URL,Life|Charmed: Quick Read,She Taught a City to Read,https://drive.google.com/file/d/1Xyxy6ucg7PtTeqxWhA62tjw7NaQra5B8/view?usp=sharing,https://footforwardfund.org/charmed-life-updates.html#story63
Text Over Image + Link to an external URL,Life|Charmed: Quick Read,The Poetic Midwife,https://drive.google.com/file/d/15AJ4wyNEAtg5HzYN6hMrmdtgqyYTQBLs/view?usp=sharing,https://footforwardfund.org/charmed-life-updates.html#story64
Text Over Image + Link to an external URL,Life|Charmed: Quick Read,The Rain Collector,https://drive.google.com/file/d/1tdxuD2aU8I04LzawDGoCn9uDrWo9v4Qm/view?usp=sharing,https://footforwardfund.org/charmed-life-updates.html#story65
Text Over Image + Link to an external URL,Life|Charmed: Quick Read,She Counted Raindrops,https://drive.google.com/file/d/185_7azLXgyqFWBr2UXjlsMLH0L87H-aP/view?usp=sharing,https://footforwardfund.org/charmed-life-updates.html#story66
Text Over Image + Link to an external URL,Life|Charmed: Quick Read,A Song Between Two Shores,https://drive.google.com/file/d/1Z3jMrl7pQE3_s2ju4ve0gs8oTDKrDAPU/view?usp=sharing,https://footforwardfund.org/charmed-life-updates.html#story67
Text Over Image + Link to an external URL,Life|Charmed: Quick Read,The River School,https://drive.google.com/file/d/14Ra4przjSVDTHpkBc4eBGc8-6TqkHNV4/view?usp=sharing,https://footforwardfund.org/charmed-life-updates.html#story68
Text Over Image + Link to an external URL,Life|Charmed: Quick Read,The Woman Who Drew Water,https://drive.google.com/file/d/1Uy2NULxyciSemNrauaAPas57_zqgzv6r/view?usp=sharing,https://footforwardfund.org/charmed-life-updates.html#story69
Text Over Image + Link to an external URL,Life|Charmed: Quick Read,The Girl With the Green Paint,https://drive.google.com/file/d/1FRdeRkf_3WTSyA9vq577LvxPJBMk0FWi/view?usp=sharing,https://footforwardfund.org/charmed-life-updates.html#story70
Text Over Image + Link to an external URL,Life|Charmed: Quick Read,The Tailor Who Sewed Time,https://drive.google.com/file/d/1FvpNaYYEkoSjLLoTcGlfEcxapeglZ9oS/view?usp=sharing,https://footforwardfund.org/charmed-life-updates.html#story71
Text Over Image + Link to an external URL,Life|Charmed: Quick Read,Coffee Growers of Hope,https://drive.google.com/file/d/1JTFEDoTHGnGENV45Rpnbw9wDcJis_N0m/view?usp=sharing,https://footforwardfund.org/charmed-life-updates.html#story72
Text Over Image + Link to an external URL,Life|Charmed: Quick Read,Letters in the Sand,https://drive.google.com/file/d/11xdelxlyefKF6FGsfDI7ehvjCMpK-rAf/view?usp=sharing,https://footforwardfund.org/charmed-life-updates.html#story73
Text Over Image + Link to an external URL,Life|Charmed: Quick Read,A Shepherd Who Studied Stars,https://drive.google.com/file/d/12EqyFhcQPb4Mt8DnVQKcvEZVEzINMFDU/view?usp=sharing,https://footforwardfund.org/charmed-life-updates.html#story74
Text Over Image + Link to an external URL,Life|Charmed: Quick Read,The Lantern Library,https://drive.google.com/file/d/11R82EpaNgEFNges9eK1Zb1vzhZjegreX/view?usp=sharing,https://footforwardfund.org/charmed-life-updates.html#story75
Text Over Image + Link to an external URL,Life|Charmed: Quick Read,The Girl With the Paper Bridge,https://drive.google.com/file/d/1vzTgQiCP_JLsn6KCVUym1P3Hliy-ewRL/view?usp=sharing,https://footforwardfund.org/charmed-life-updates.html#story76
Text Over Image + Link to an external URL,Life|Charmed: Quick Read,The Bicycles of Lamu,https://drive.google.com/file/d/1d7glINGQCpBHhaOr0qN3teNPsPFROHR3/view?usp=sharing,https://footforwardfund.org/charmed-life-updates.html#story77
Text Over Image + Link to an external URL,Life|Charmed: Quick Read,The Choir That Climbed the Mountain,https://drive.google.com/file/d/1ZnkvQu_eb4A8EYaLNDBsUx2r14yMrWBL/view?usp=sharing,https://footforwardfund.org/charmed-life-updates.html#story78
Text Over Image + Link to an external URL,Life|Charmed: Quick Read,The Woman Who Rebuilt the Playground,https://drive.google.com/file/d/12bCeHkK5tGSQiKjZYZ9jSPIQdau6Of3E/view?usp=sharing,https://footforwardfund.org/charmed-life-updates.html#story79
Text Over Image + Link to an external URL,Life|Charmed: Quick Read,The Poet on the Bus,https://drive.google.com/file/d/1gkHEhkfRE0fBtJNtzcB7v_fxbXfFXWKB/view?usp=sharing,https://footforwardfund.org/charmed-life-updates.html#story80
Text Over Image + Link to an external URL,Life|Charmed: Quick Read,The Girl Who Mapped Her Village,https://drive.google.com/file/d/15kZe6EGeJeS9ka64Zez42cI4y555bKvq/view?usp=sharing,https://footforwardfund.org/charmed-life-updates.html#story81
Text Over Image + Link to an external URL,Life|Charmed: Quick Read,The Potter of Peace,https://drive.google.com/file/d/1aazQMDz_0Ddre8-CTXqZ2XUcmRl2B_xH/view?usp=sharing,https://footforwardfund.org/charmed-life-updates.html#story82
Text Over Image + Link to an external URL,Life|Charmed: Quick Read,The Women Who Fed the Mountain,https://drive.google.com/file/d/1jnIR6JMFrmR0YLu5ZakOA5yvxjwVEPw7/view?usp=sharing,https://footforwardfund.org/charmed-life-updates.html#story83
Text Over Image + Link to an external URL,Life|Charmed: Quick Read,The Rooftop Gardeners,https://drive.google.com/file/d/11ZlHocYWVmSEvdSf9KGWMPdxsAkJ5rDw/view?usp=sharing,https://footforwardfund.org/charmed-life-updates.html#story84
Text Over Image + Link to an external URL,Life|Charmed: Quick Read,The Bridge Between Languages,https://drive.google.com/file/d/1SvIgyGGxiCYomzoa14380wajSAq1b-a0/view?usp=sharing,https://footforwardfund.org/charmed-life-updates.html#story85
Text Over Image + Link to an external URL,Life|Charmed: Quick Read,Where Care Finds a Way,https://drive.google.com/file/d/1hn2lmj28rxFvTX6R5YCLMNu6n4D27MfS/view?usp=sharing,https://footforwardfund.org/charmed-life-updates.html#story86
Text Over Image + Link to an external URL,Life|Charmed: Quick Read,The Eighth Grader and the Swarm,https://drive.google.com/file/d/1B8KpUFKb1r2Z6ErbMxcYXunZIRj2xnm6/view?usp=sharing,https://footforwardfund.org/charmed-life-updates.html#story87
Text over video + Link to an external video,Life|Charmed: Quick Read,First Words of the Day,https://youtube.com/shorts/he1wbCEZwck,https://footforwardfund.org/charmed-life-updates.html#story88
Text Over Image + Link to an external URL,Life|Charmed: Quick Read,The Bicycle Ambulance,https://drive.google.com/file/d/1u39O91nFoEDqOnFcaMU4sEz5k4GxSlAr/view?usp=sharing,https://footforwardfund.org/charmed-life-updates.html#story89
Text Over Image + Link to an external URL,Life|Charmed: Quick Read,The Five-Minute Sit,https://drive.google.com/file/d/12MpEyNfdp8YC7OL6VjAKmAEWL9sUCgOo/view?usp=sharing,https://footforwardfund.org/charmed-life-updates.html#story90
Text Over Image + Link to an external URL,Life|Charmed: Quick Read,Reading Pays the Debt,https://drive.google.com/file/d/1hpkKx0R1xfouB4nVDT5JbLARmMVqPTHJ/view?usp=sharing,https://footforwardfund.org/charmed-life-updates.html#story91
Text Over Image + Link to an external URL,Life|Charmed: Quick Read,"When you fall, plant your hands and rise stronger.",https://drive.google.com/file/d/1p1t4E89jEuyvie-uNTq2sqXhzp0mX_vs/view?usp=sharing,https://footforwardfund.org/charmed-life-updates.html#story105
Image: with text embedded: No One Is In Charge of Your Happiness,,,https://drive.google.com/file/d/1yjTXx4CbTqVPCL5WdagI_IwDao_MqRCb/view?usp=sharing,
Text Over Image + Link to an external URL,Life|Charmed: Quick Read,The Fixing Table,Pending,https://footforwardfund.org/charmed-life-updates.html#story92
Text Over Image + Link to an external URL,Life|Charmed: Quick Read,Care on Two Wheels,Pending,https://footforwardfund.org/charmed-life-updates.html#story93
Text Over Image + Link to an external URL,Life|Charmed: Quick Read,Through the Flood to Birth,Pending,https://footforwardfund.org/charmed-life-updates.html#story94
Text Over Image + Link to an external URL,Life|Charmed: Quick Read,Water With Neighbors,Pending,https://footforwardfund.org/charmed-life-updates.html#story95
Text Over Image + Link to an external URL,Life|Charmed: Quick Read,Hope rebuilds faster than any storm.,Pending,https://footforwardfund.org/charmed-life-updates.html#story86
Text Over Image + Link to an external URL,Life|Charmed: Quick Read,Courage hums louder than fear.,Pending,https://footforwardfund.org/charmed-life-updates.html#story87
Text Over Image + Link to an external URL,Life|Charmed: Quick Read,A kind word can carry a whole bus.,Pending,https://footforwardfund.org/charmed-life-updates.html#story88
Text Over Image + Link to an external URL,Life|Charmed: Quick Read,Small wheels can move big miracles.,Pending,https://footforwardfund.org/charmed-life-updates.html#story89
Text Over Image + Link to an external URL,Life|Charmed: Quick Read,Listening heals more than medicine.,Pending,https://footforwardfund.org/charmed-life-updates.html#story90
Text Over Image + Link to an external URL,Life|Charmed: Quick Read,Turn the page—freedom is waiting.,Pending,https://footforwardfund.org/charmed-life-updates.html#story91
Text Over Image + Link to an external URL,Life|Charmed: Quick Read,Fixing things fixes hearts too.,Pending,https://footforwardfund.org/charmed-life-updates.html#story92
Text Over Image + Link to an external URL,Life|Charmed: Quick Read,Compassion rides wherever roads end.,Pending,https://footforwardfund.org/charmed-life-updates.html#story93
Text Over Image + Link to an external URL,Life|Charmed: Quick Read,Bravery delivers life through any flood.,Pending,https://footforwardfund.org/charmed-life-updates.html#story94
Text Over Image + Link to an external URL,Life|Charmed: Quick Read,"When water is scarce, kindness flows.",Pending,https://footforwardfund.org/charmed-life-updates.html#story95
Text Over Image + Link to an external URL,Life|Charmed: Quick Read,Many hands make light of a long block.,Pending,https://footforwardfund.org/charmed-life-updates.html#story96
Text Over Image + Link to an external URL,Life|Charmed: Quick Read,A shared fridge keeps hope cold and neighbors warm.,Pending,https://footforwardfund.org/charmed-life-updates.html#story97
Text Over Image + Link to an external URL,Life|Charmed: Quick Read,"Fix it together, feel it together.",Pending,https://footforwardfund.org/charmed-life-updates.html#story98
Text Over Image + Link to an external URL,Life|Charmed: Quick Read,"Two wheels, one purpose: reach the unreachable.",Pending,https://footforwardfund.org/charmed-life-updates.html#story99
Text Over Image + Link to an external URL,Life|Charmed: Quick Read,Small waves of effort clean a whole shore.,Pending,https://footforwardfund.org/charmed-life-updates.html#story100
Text Over Image + Link to an external URL,Life|Charmed: Quick Read,"When light goes out, invent another way to shine.",Pending,https://footforwardfund.org/charmed-life-updates.html#story101
Text Over Image + Link to an external URL,Life|Charmed: Quick Read,Grow where no one thinks you can.,Pending,https://footforwardfund.org/charmed-life-updates.html#story102
Text Over Image + Link to an external URL,Life|Charmed: Quick Read,The right teacher can build a lab from scraps.,Pending,https://footforwardfund.org/charmed-life-updates.html#story103
Text Over Image + Link to an external URL,Life|Charmed: Quick Read,One runner’s finish line lifts a nation.,Pending,https://footforwardfund.org/charmed-life-updates.html#story104
,Best Foot Beacon: Dr. Seuss,Today you are you! That is truer than true! There is no one alive who is you-er than you!,Pending,
,Best Foot Beacon: Henry David Thoreau,Go confidently in the direction of your dreams. Live the life you’ve imagined.,Pending,
,Best Foot Beacon: Albert Einstein,The only sure way to avoid making mistakes is to have no new ideas.,Pending,
,Best Foot Beacon: Mark Twain,Worrying is like paying a debt you don't owe.,Pending,
,Women We Love: Mary Englebreit,"Know that you can start late, look different, be uncertain and still succeed. ",Pending,
,Best Foot Beacon: Walt Whitman,Keep your face always toward the sunshine - and shadows will fall behind you.,Pending,
,Women We Love: Georgia O’Keefe,"Interest is the most important thing in life: happiness is temporary, but interest is continuous.  ",Pending,
,Remember: ,Worrying does not empty tomorrow of its troubles: it empties today of its strength.,Pending,
,Remember: ,Spread More Love Today,Pending,
,Remember: ,Some people find fault like there’s a reward for it.,Pending,
,Remember: ,It’s not who you are that holds you back into you think you are not.,Pending,
,Remember: ,Friendship Needs No Reason.,Pending,
,Remember: ,Always Leave People Better Than You Found Them.,Pending,
,Remember: ,You have the power to say “This is not how the story ends.”,Pending,
,Best Foot Beacon: Aberjhani,Love yourself as if you are a rainbow with gold at both ends. ,Pending,
,Best Foot Beacon: John Lewis,Get in the way. Make good trouble.,Pending,
,Remember: ,Life is short. Take the trip. Buy the shoes. Eat the cake.,Pending,
,Remember: ,If you change nothing - nothing will change.,Pending,
,Remember: ,Failure is not the opposite of success: it’s part of success.,Pending,
,Best Foot Beacon: Mr. Rogers,Look for the helpers. ,Pending,
,Remember: ,Keep calm: they hate that.,Pending,
,Women We Love: Katrina Meyer,Time spent amongst trees is never wasted time. ,Pending,
,Remember: ,Today - Seek Wisdom,Pending,
,Women We Love: Glinda,"You had the power all along, my dear.",Pending,
,Remember: ,No one is more worthy of your kindness and compassion than you are.,Pending,
,Best Foot Beacon: Khalil Gibran,The smallest act of kindness is worth more than the greatest intention.,Pending,
,Women We Love: Audrey Hepburn,"For lovely eyes, seek out the good in people.",Pending,